org id,retrieve id 1,retrieve id 2,retrieve id 3,retrieve id 4,retrieve id 5,retrieve id 6,retrieve id 7,retrieve id 8,retrieve id 9,retrieve id 10,retrieve id 11,retrieve id 12,retrieve id 13,retrieve id 14,retrieve id 15,retrieve id 16,retrieve id 17,retrieve id 18,retrieve id 19,retrieve id 20
SP-0,SP-0,SP-0_SR,SP-82,SP-82_SR,SP-82_CR,SP-109,SP-179,SP-179_SR,SP-124_CR,SP-43,SP-43_SR,SP-18_SR,SP-18,,,,,,,
SP-0_SR,SP-0,SP-0_SR,SP-82,SP-82_SR,SP-82_CR,SP-109,SP-18,SP-18_SR,SP-109_SR,SP-99,SP-99_SR,SP-65_CR,SP-36,SP-36_SR,,,,,,
SP-0_CR,SP-0_CR,SP-22_CR,SP-193,SP-22,SP-22_SR,SP-140,SP-207,SP-82,SP-207_SR,SP-140_SR,SP-5_SR,SP-5,SP-18,SP-18_SR,SP-207_CR,SP-41_CR,SP-114_SR,,,
SP-1,SP-1,SP-1_SR,SP-152,SP-152_SR,SP-69_CR,SP-118_SR,SP-118,SP-36,SP-132_CR,SP-36_SR,SP-1_CR,SP-176,,,,,,,,
SP-1_SR,SP-1_SR,SP-1,SP-69_CR,SP-66_SR,SP-66,SP-82,SP-82_SR,SP-36,SP-109_SR,SP-109,SP-24,SP-36_SR,SP-18,SP-18_SR,SP-5_SR,SP-82_CR,SP-5,,,
SP-1_CR,SP-1_CR,SP-69_CR,SP-126_CR,SP-1,SP-176,SP-1_SR,SP-24,SP-144,SP-137_SR,SP-18_CR,SP-36,SP-36_SR,SP-82_CR,SP-153,,,,,,
SP-2,SP-2,SP-2_SR,SP-185,SP-185_SR,SP-93,SP-133,SP-133_SR,SP-38,SP-167,SP-167_SR,SP-34,SP-179_SR,SP-34_SR,SP-179,SP-169_CR,SP-85_SR,SP-85,SP-132_CR,,
SP-2_SR,SP-2_SR,SP-2,SP-185,SP-185_SR,SP-93,SP-38_CR,SP-40,SP-137_SR,SP-40_SR,SP-137,SP-110_SR,SP-125_SR,SP-110,SP-125,SP-61,SP-1_CR,SP-69_CR,SP-126_CR,SP-1,SP-176
SP-2_CR,SP-2_CR,SP-2,SP-2_SR,SP-185_SR,SP-93,SP-6_CR,SP-171_CR,SP-144,SP-25_CR,SP-177_CR,SP-18_SR,SP-18,SP-109,SP-109_SR,SP-96_CR,,,,,
SP-5,SP-5,SP-5_SR,SP-18,SP-18_SR,SP-82_CR,SP-38_CR,SP-38,SP-40,SP-168_SR,SP-168,SP-82_SR,SP-168_CR,SP-17_CR,,,,,,,
SP-5_SR,SP-5_SR,SP-5,SP-18,SP-18_SR,SP-82_CR,SP-109,SP-138_SR,SP-138,SP-125,SP-110_SR,SP-125_CR,SP-152,SP-148_CR,SP-1,SP-152_SR,SP-165_SR,,,,
SP-5_CR,SP-5_CR,SP-17_SR,SP-17,SP-23_CR,SP-50,SP-18,SP-18_SR,SP-5_SR,SP-5,SP-109_SR,SP-11_SR,SP-118,SP-83,SP-118_SR,SP-11,,,,,
SP-6,SP-6_SR,SP-6,SP-36_CR,SP-82,SP-177_SR,SP-38_CR,SP-168_CR,SP-148_CR,SP-168_SR,SP-38,SP-109,SP-154_CR,SP-109_SR,SP-135,SP-36,SP-18,SP-18_SR,SP-207,SP-207_SR,
SP-6_SR,SP-6_SR,SP-6,SP-36_CR,SP-177_SR,SP-6_CR,SP-109_SR,SP-109,SP-18_SR,SP-18,SP-65_CR,SP-54_SR,SP-180,SP-97_SR,SP-201_SR,SP-102,SP-82_CR,SP-65,SP-82_SR,SP-65_SR,SP-82
SP-6_CR,SP-6_CR,SP-75,SP-75_SR,SP-6_SR,SP-6,SP-74_CR,SP-94_SR,SP-94,SP-45_CR,SP-110_SR,SP-55_SR,SP-55,SP-55_CR,SP-179_SR,SP-179,SP-75_CR,SP-34_CR,SP-32_CR,SP-34,SP-194_SR
SP-7,SP-7,SP-7_SR,SP-136_SR,SP-136,SP-31,SP-13,SP-13_SR,SP-25_CR,SP-29_CR,SP-66_CR,SP-66,SP-66_SR,SP-132,SP-188,SP-5_SR,SP-10_CR,SP-188_SR,,,
SP-7_SR,SP-7_SR,SP-7,SP-136_SR,SP-136,SP-31,SP-75_CR,SP-102,SP-102_SR,SP-101_SR,SP-94,SP-74_CR,SP-110_SR,SP-118_SR,SP-200,SP-200_SR,SP-67_SR,SP-11_CR,,,
SP-7_CR,SP-7_CR,SP-35_SR,SP-35,SP-12_SR,SP-12,SP-74_CR,SP-201_SR,SP-168_SR,SP-168,SP-112_SR,SP-75,SP-75_CR,SP-125_CR,SP-110_CR,SP-136_CR,SP-179_CR,,,,
SP-8,SP-8_SR,SP-8,SP-8_CR,SP-113_CR,SP-17,SP-1_SR,SP-1,SP-1_CR,SP-69_CR,SP-152,SP-176,SP-24,,,,,,,,
SP-8_SR,SP-8_SR,SP-8,SP-8_CR,SP-113_CR,SP-17,SP-99_CR,SP-99,SP-99_SR,SP-0_CR,SP-22,SP-1_SR,SP-1,SP-55_SR,SP-55,SP-69_CR,SP-169_CR,SP-22_CR,,,
